"marca","referencia","presentacion","precio_COP","reference_id"
"AGILITY","AGILITY GATITO","3kg","86700","2c26a2b8-fc1c-4739-828a-fa65c491ac28"
"AGILITY","AGILITY GRAN ADUL","15kg","278900","45e6e44b-0312-4f3f-9761-0e384331e7a7"
"AGILITY","AGILITY GRAND CACH","1.5kg","33700","4128b96d-b89a-4189-a9f3-cac359cd35e4"
"ALPISTE","ALPISTE","400gr","2800","5a36b2fa-9f48-422f-abdd-521cb0aa1b08"
"ALPO","ALPO ADUL","x 2kg","16900","83960497-178e-4040-9dd3-659cafc3a585"
"APOQUEL","APOQUEL","3.6mg","9000","3eb33358-039f-4573-94c5-b1e3ac8b58e1"
"ARENA","ARENA FOFICAT","5kg","19000","bf0fe92a-7bee-4c7a-9365-e43feebe8e35"
"ARENA","ARENA MIRRINGO","x 5 kg","26900","30a5e872-42cf-41f9-996e-dc7860272fe5"
"ARENA KITTEN ORIGINAL","ARENA KITTEN ORIGINAL","8kg","23800","50cd6907-ed6b-4780-93ea-70393e955e26"
"ARENA MAIZ CAT","ARENA MAIZ CAT","x 15kg","61500","906dcade-aa4e-4c7b-b652-978353832387"
"ARNES","ARNES ANTITIRONES L","unidad","31000","9928848c-f9c2-4021-8df1-fa31d3834eff"
"ARTRIBALANCE","ARTRIBALANCE","tableta","2800","acb2d86b-3581-4668-8e4d-4d8e0cfd659b"
"BR DOG","BR DOG VET RENAL","x 2kg","103000","945d4c9e-61ee-440f-9092-f61204336063"
"C-THYRO-TABS","C-THYRO-TABS","0.5mg","1000","07b21de7-fbfc-451f-9772-6f8f2114095a"
"CABANOS","CABANOS KILO SURTIDO APRO 140","unidad","16000","3edde301-3beb-4e69-a71c-cb08f6391332"
"CAMA","CAMA COLCHONETA L","unidad","65000","b28787d4-c47a-466c-8c59-6f4ae33fe2ff"
"CANIPETS","CANIPETS","10ml","14000","3b9afbef-8c8c-4fe9-8167-da74f685eb08"
"CANIPETS","CANIPETS PUPPY","2ml","6900","93ccd25f-765b-49cf-84f5-14a157d5429c"
"CAT CHOW","CAT CHOW VIDA SANA 1.3 PAG","1 l","31300","eeaba178-da68-4f65-8d5b-790f6d77f8d6"
"CHUNKY","CHUNKY DELIDOG BONE","170gr","8600","64739335-e698-4f5d-92d3-d445f524d591"
"CHUNKY","CHUNKY DELIGO POUCH PAG","3 l","10100","03dee5c1-8246-401f-a0a1-45730260d3a2"
"CIPACAT","CIPACAT","500gr","4100","e2b1ca02-624c-49bb-8ed0-375b4a1fa938"
"COMPLELAND","COMPLELAND B12 O","100ml","10500","1d4ee500-b52d-4771-9a8e-570262ce9426"
"CORRAL","CORRAL PLEGABLE","unidad","65000","7588a6df-a605-494b-b8ac-6042a08a4f63"
"CORTA","CORTA UÑAS L","unidad","9600","22e8126a-d79e-48eb-bccc-2c0037d24666"
"CREDELIO","CREDELIO PLUS 1.4KG A 2.8KG","56.25mg","35900","a37b59f9-39b8-4bc7-ae8b-373ea6b1e46d"
"DERMOSYN","DERMOSYN","100ml","39000","7a87b810-9fab-419d-83bc-4fb6298779fb"
"DIAMOND","DIAMOND INDOOR CAT","500gr","19500","1224f0d0-b4db-494b-8200-56c6e0dad19f"
"DOG CHOW","DOG CHOW C RP","x 1kg","15700","1bc3e0d3-b2b5-4848-b8ec-ef8a18949ea1"
"DOG CHOW","DOG CHOW POUCH PAG","6l","19200","0552e1d4-e6a7-48b9-ae5f-07637ae82179"
"DOG CHOW","DOG CHOW POUCHE CACH","x 100 gr","3200","473a9bab-0fc6-4d66-b5c4-9707c4a2884c"
"DOGG","DOGG MA","x 10 ml","20800","42b2179b-7b0a-4693-b819-6fef19bea90d"
"DOGOURMET","DOGOURMET PARRILLA","x 2 kg","21600","93d7d6cd-40f0-4676-b57f-7dc519bee725"
"DOGOURMET","DOGOURMET PAVO POLLO","8 kg","79400","cface178-82ee-4cf3-b25d-ef396830670e"
"DOGOURMET","DOGOURMET SALMON","x 8kg","79400","d8486af1-2065-4c2d-8290-5d4bdf43a685"
"DONKAN","DONKAN","x 12","61500","94a5f184-86d6-4fc5-bf17-11e00e397468"
"ENDOGARD","ENDOGARD 30 X UND","unidad","27900","068443b9-64d2-42da-af44-333211f04a9c"
"FAJA","FAJA POST TALLA 2XL","unidad","35000","2f8a103c-9124-4931-9e3a-865f3fd2d0fa"
"FAJA","FAJA XL (DE","18 a 22kg","72500","0080b53d-d0df-453d-98a9-c766f65a3c93"
"FAJA","FAJA XXS (DE","2 a 3kg","44900","909adf9c-37f9-408d-8c50-c5221f62554a"
"FELIX","FELIX PATE PESC ATUN","156gr","5200","6bd1272c-2da4-44e6-a851-6bae1c31d2ab"
"FREEMIAU","FREEMIAU CITRICA","x 4 kg","16900","be85db08-6c6e-49b7-9398-f44abb05bd31"
"GALLETAS","GALLETAS ADORE CAT","x 80","7100","16f91e10-7310-4ad8-bfbd-a1a4cb545a5f"
"GALLIPRANT","GALLIPRANT","x 20mg","4400","cabfae3f-71c3-4811-a1a7-89d651efe12e"
"GIRASOL","GIRASOL","x 500gr","4000","d8233f7e-e233-4676-af62-3511bd08c600"
"GUANTE","GUANTE PARA CEPILLAR Y MASAJE","unidad","8500","bfc5490a-3be2-4459-a284-94cfe3df9ffa"
"HEEL","HEEL ENGYSTOL UND","tableta","1800","c5e6012b-c384-463d-bc4f-591ab80fcf6e"
"HILLS","HILLS FEL LATA I/D","5.5oz","17300","1e59e2d3-6e20-4b20-b855-e2a600d086fb"
"JABON","JABON VETRIDERM","unidad","22500","3634b462-98bf-4fc9-93db-59c09f808488"
"JUGUETE","JUGUETE MASCOTAS EDG-175","unidad","13500","99efb21c-3a6e-4412-824c-092dc2ccc522"
"JUGUETE","JUGUETE ORUGA MOVIMIENTO","unidad","4500","d869b81d-e74f-4e9a-b50a-547da2a82d82"
"JUGUETE","JUGUETE HUESO CHILLON","unidad","10900","6502b21f-6989-4b29-b785-74ea5682514c"
"KILTIX","KILTIX GRAN 66CM","unidad","60000","67bb1970-abaf-4e22-a3aa-f4e210fda948"
"KITEKAT","KITEKAT POUCH","x 70gr","2200","90f90977-3e7d-4a13-b4ff-8927ff7078d9"
"LEVOTIROXINA","LEVOTIROXINA","0.4mg","1100","63b246f6-745a-473d-8830-b74fc6c6dfd7"
"LHA","LHA DIGEST-V","200gr","82800","373b796e-9c9e-4f38-ba5f-1955ffaf3d96"
"LHA","LHA RINOM-V","x100gr","67000","35323691-fa26-490c-8c94-d52421891759"
"MIRRINGO","MIRRINGO GATITO","x 1kg","10800","466d365f-12a8-41c1-8398-4794739688ab"
"MONELLO","MONELLO CAT CASTRADOS","x 1 kg","26600","fc8847c0-e376-4c2f-98c4-e2c384f6c3f6"
"MORRAL","MORRAL TRANSPARENTE","unidad","101000","b27908b3-e9e8-437c-a53e-674cb3bc5d34"
"NATURAL","NATURAL FRESHLY DERMA CLEAN BALSAMO","x 56gr","39900","6db87782-9f4c-4d23-8afb-b5919437e138"
"NATURAL","NATURAL FRESHLY NO MUERDA","x 240ml","25900","8aded49f-3e19-4921-b743-7c059cae873f"
"NUPEC","NUPEC RELA","x 180gr","36900","d149e6fe-f37a-4361-8091-4b361b54abf4"
"NUTRA NUGGETS","NUTRA NUGGETS LITE SENIOR","x 1kg","25800","6e8117c4-a3fe-4f2e-b20d-9022798a6bea"
"NUTRECAN","NUTRECAN ADULTO RP","800 gr","10000","e1affe6a-7c80-4ae6-948c-cf06794dfa8b"
"NUTRIBAR","NUTRIBAR X UNIAD","unidad","3200","e5cb5f6e-9c87-42bc-af5d-354ee5e77704"
"OFTAPROC","OFTAPROC M","x 10 ml","115900","39a46959-5a73-49bc-8ddf-9a88e29672a4"
"OHMAIGAT","OHMAIGAT INQUIETOS","x 200 gr","3800","6e7d44b9-064c-41dc-8730-b60092defdb6"
"OL-TRANS","OL-TRANS","x 80 gr","63600","f636b50e-29b4-4d0d-abe4-ef5cadb9b3aa"
"OTIFLE","OTIFLE","x 25ml","69900","3a473ee6-2e03-4d6f-9498-667360455b53"
"OXIMED","OXIMED ACONDICIONADOR","591.4ml","133000","20a51bd3-91e1-4bbd-9d93-41cf7320f987"
"PANOLOG","PANOLOG","15ml","55000","b4f37529-f7fb-4931-8291-897a0dd17168"
"PAÑAL","PAÑAL L","x 12und","26800","29f9955f-fdb0-4148-a8f6-9d9ba1b1c481"
"PECHERA","PECHERA ARNES GIYOOM S - M","unidad","40800","f8cb6209-5235-44d5-8e9d-68409e95c88e"
"PED","PED ADULT RP","x 20 kg","270900","90e18cca-817c-46fd-9b59-56566f2adbd5"
"POMADA","POMADA ALFA 3 CICATRIZANTE","30ml","20400","bd1c7b7e-6236-442d-ac63-031ec3758ceb"
"PREVICO","PREVICO","x 227mg","12000","735de9bf-e6c0-4af0-84ee-22c11fc18e85"
"PRO PLAN","PRO PLAN ADULT SMALL","1kg","57000","fc7d7642-c2f0-4e01-b363-4bf4e2cf69f3"
"PRO PLAN","PRO PLAN CANINE LATA OM","unidad","28600","fe9eec8d-2f47-4414-bf6a-91136886408a"
"PRO PLAN","PRO PLAN FELINE LATA NF","unidad","16700","c8ced9b6-8268-4a32-b396-3006214bf2cd"
"PRO PLAN","PRO PLAN FELINE NF EARLY CARE","1.43kg","113600","fd1d4418-7acc-4632-84a5-ba30203aadf3"
"PRO PLAN","PRO PLAN POUCH FELINO ESTERELIZADOS","85gr","6200","3081f187-df5f-433b-9729-702e81ca1a4f"
"PULOFF","PULOFF 0.67ML","2-10kg","22900","8b2cbc0d-8a14-4248-a24f-b7c337cb4cce"
"REVOLUTION","REVOLUTION 0.25ML","1.2 a 2.5kg","43600","e5ba2c75-3eb7-4416-a405-9d4791c5c875"
"ROYAL","ROYAL FIT","400gr","28000","98ee5c7b-36d0-4cbc-bc6c-260881374d44"
"ROYAL CANIN","ROYAL CANIN DOG LATA GASTRO","385gr","28600","8e4abc47-4a11-4dc6-bfcb-2f85a851145f"
"ROYAL CANIN","ROYAL CANIN URINAY CAT S/O","1.5kg","135000","0505ae8c-32d8-46fa-8f7a-e2bd48c83ef2"
"SANIDERM","SANIDERM","x 40 gr","28500","2385769b-97e9-42c2-938b-e8e89cde790f"
"TAPETE","TAPETE PETYS EXTRA GRANDE 30","unidad","0","56f9f882-8b08-4fb1-8203-7f19f311f89f"
"TAPETE","TAPETE X UND","unidad","3500","05a259e9-a4bf-4e00-b03e-5888bf16d520"
"TRAILLA","TRAILLA ESTILO PARACAIDAS XL","unidad","25600","eb29f296-f17e-4cea-907d-fc46140178b0"
"VACUNA","VACUNA TRIPLE FELINA + LEUCEMIA","unidad","48800","7b679013-a669-41d9-8631-84fe019a68a1"
"VETMEDIN","VETMEDIN","5mg","6300","14d0c9cd-73f5-490d-95a0-672daf53b0a5"
"VIRBAC","VIRBAC DOG DIGESTIVE","x 3kg","181500","1d2250b4-67e8-40c5-a692-def8d49e0d5b"
